,0
domaine,"['', 'etat', 'particulier', 'national', 'expropriation']"
numero_loi,"['', '96-06', '2001-03', '2004-16', '2005-01', '96-07', '2008-43', '2009-23', '95-12', '76-66', '87-11', '94-64', '74-20', '66-70', '2011-07', '2011-06', '88-04', '2013-04', '64-46', '98-03', '76-67']"
numero_decret,"['', '2012-396', '2007-868', '96-1130', '96-1138', '2009-1450', '2010-99', '2010-399', '81-557', '87-271', '88-826', '95-737', '74-718', '2010-1445', '2012-1270', '2002-160', '77-754', '72-1288', '64-574', '66-858', '80-268', '87-720', '64-573', '98-164', '96-572', '77-563', '2010-400', '2010-439']"
numero_arrete,"['', '8871-MEF-MDB-DGID']"
declaration,"['non', 'oui']"
division_partie,"['', 'DEUXIEME PARTIE : DES CONTRATS SPECIAUX', 'PREMIERE PARTIE. - VALEUR DU METRE CARRE DE TERRAIN NU', 'DEUXIEME PARTIE. - PRIX DU METRE CARRE BATI']"
division_livre,"['', 'LIVRE I. - DISPOSITIONS GENERALES ET REGLES DE PLANIFICATION URBAINE', 'LIVRE II. - REGLES RELATIVES A L’ACTE DE CONSTRUCTION', 'LIVRE III. - ACHEVEMENT DES TRAVAUX, CERTIFICAT DE CONFORMITE, CONTROLE ET SANCTIONS', 'LIVRE II. - PREEMPTION ET DES RESERVES FONCIERES', 'LIVRE III. - LES ORGANISMES D’EXECUTION DES OPERATIONS D’AMENAGEMENT.', 'LIVRE IV. - REGLES RELATIVES A L’ACTE DE CONSTRUIRE.', 'LIVRE V. - CONTROLE ET SANCTIONS', 'LIVRE PREMIER : DISPOSITIONS GÉNÉRALES', 'LIVRE II : DISPOSITIONS RELATIVES AUX CONSTRUCTEURS', 'LIVRE III : DISPOSTIONS FINALES', 'LIVRE II : DISPOSITIONS APPLICABLES AUX CONSTRUCTEURS', 'LIVRE III : DISPOSITIONS FINALES', 'LIVRE PREMIER : DISPOSITIONS GENERALES', 'LIVRE II : DOMAINE PUBLIC', 'LIVRE III : DOMAINE PRIVE', 'LIVRE IV : DISPOSITIONS DIVERSES', 'LIVRE PREMIER : LES CONTRATS TRANSLATIFS DE PROPRIETE']"
division_titre,"['', 'TITRE PREMIER. - DISPOSITIONS GENERALES', 'TITRE II. - METIERS, ORGANISATIONS ET EXPLOITATIONS AGRICOLES', 'TITRE III. - STRATEGIES DE DEVELOPPEMENT AGRO-SYLVO- PASTORAL', 'TITRE IV. - MESURES D’ACCOMPAGNEMENT', 'TITRE V. - DIPOSITIONS DIVERSES ET FINALES', 'TITRE II : Des compétences des collectivités locales', 'TITRE I. - DISPOSITIONS GENERALES', 'TITRE II. - DES PLANS DIRECTEURS D’URBANISME, DES SCHEMAS DIRECTEURS D’AMENAGEMENT ET D’URBANISME, DES PLANS D’URBANISME DE DETAILS ET DES PLANS DE LOTISSEMENT', 'TITRE III. - LES OPERATIONS D’AMENAGEMENT', 'TITRE I. - LE CERTIFICAT D’URBANISME', 'TITRE II. - DE L’AUTORISATION DE CONSTRUIRE', 'TITRE I. - DECLARATION D’ACHEVEMENT DES TRAVAUX, CERTIFICAT DE CONFORMITE, ET CONTROLE', 'TITRE II. - DES SANCTIONS', 'TITRE III. - DISPOSITIONS FINALES', 'Titre premier. - Dispositions générales', 'Titre II. - PREVISIONS ET REGLES D’URBANISME', 'TITRE III. - LES DISPOSITIONS PARTICULIERES', 'Titre IV. - LES OPERATIONS D’AMENAGEMENTS', 'TITRE PREMIER. - DROIT DE PREEMPTION', 'TITRE II. - LES RESERVES FONCIERES', 'TITRE I. - DISPOSITIONS RELATIVES AU CONTROLE ET AUX SANCTIONS', 'TITRE II. - DISPOSITIONS RELATIVES AUX AMENDES', 'TITRE PREMIER : CONSTRUCTION DES BÂTIMENTS', 'TITRE II : SÉCURITÉ ET PROTECTION DES IMMEUBLES', 'TITRE III : RAVALEMENT DES IMMEUBLES', 'TITRE PREMIER : REGIME APPLICABLE AUX SOCIÈTÉS DE CONSTRUCTION', 'TITRE II : PROMOTION IMMOBILIÈRE', 'TITRE III : REGIME APPLICABLE A LA CONSTRUCTION D’UNE MAISON INDIVIDUELLE.', 'TITRE IV : DES BAUX A CONSTRUCTION ET À RÉHABILITATION', 'TITRE VI : DES VENTES D’IMMEUBLES À CONSTRUIRE', 'TITRE VI : DU DELAI DE RETRACTATION', 'TITRE PREMIER : MESURES DE CONTRÔLE APPLICABLES À TOUTES LES CATÉGORIES DE BÂTIMENTS', 'TITRE II : SANCTIONS PÉNALES', 'TITRE III : DISPOSITIONS DIVERSES', 'TITRE II : SÉCURITÉ ET PROTECTION CONTRE L’INCENDIE', 'TITRE PREMIER : STATUT DES SOCIÉTÉS DE CONSTRUCTION', 'TITRE III : CONSTRUCTION D’UNE MAISON INDIVIDUELLE', 'TITRE IV : BAUX À CONSTRUCTION ET À RÉHABILITATION', 'TITRE V : VENTES D’IMMEUBLES À CONSTRUIRE', 'TITRE PREMIER : DISPOSITIONS PÉNALES CHAPITRE PREMIER : SANCTIONS PÉNALES', 'TITRE II : DISPOSITIONS DIVERSES', 'TITRE III : APPLICATION', 'TITRE PREMIER : COMPOSITION - CONSTITUTION - CARACTERES', 'TITRE II : GESTION - DECLASSEMENT - SANCTIONS', 'TITRE PREMIER : CONSTITUTION', 'TITRE II : AFFECTATION - DESAFFECTATION', 'TITRE III : ADMINISTRATION DU DOMAINE NON AFFECTE', 'TITRE II : AUTRES TERRES', 'TITRE III : DISPOSITIONS GENERALES', 'TITRE PREMIER : DISPOSITIONS GENERALES', 'TITRE II : DISPOSITIONS COMMUNES', 'TITRE PREMIER. – ORGANISATION DU REGIME DE LA PROPRIETE FONCIERE', 'TITRE II : FONCTIONNEMENT DU REGIME DE LA PROPRIETE FONCIERE', 'TITRE III. – SANCTIONS', 'TITRE IV. – FRAIS ET EMOLUMENTS', 'TITRE V. – DISPOSITIONS FINALES', 'TITRE PREMIER : Affectation et désaffectation des terres de culture et de défrichement', 'TITRE II : Voies de recours', 'TITRE III : Dispositions transitoires diverses', 'TITRE PREMIER : SECTIONS RURALES', 'TITRE PREMIER : GESTION DES TERROIRS', 'TITRE II : IMMATRICULATION AU NOM DE L’ETAT DES TERRES DU DOMAINE NATIONAL', 'TITRE III : DISPOSITIONS TRANSITOIRES', 'TITRE I. - DU DOMAINE FORESTIER NATIONAL', 'TITRE II. - DE LA GESTION DES FORETS', 'TITRE III. - DE LA PROTECTION DES FORETS', 'TITRE IV. - DISPOSITIONS DIVERSES', 'TITRE I - DE LA MISE EN VALEUR DES FORÊTS', 'TITRE II.- DE LA RÉPRESSION DES INFRACTIONS', 'TITRE III. - DU SERVICE DES EAUX ET FORETS', 'TITRE PREMIER : EXPROPRIATION POUR CAUSE D’UTILITE PUBLIQUE', 'TITRE II : RETRAIT POUR CAUSE D’UTILITE PUBLIQUE DES TITRES D’OCCUPATION DE TERRAINS DOMANIAUX', 'TITRE III : INDEMNITE DE PLUS VALUE', 'TITRE IV : OCCUPATION TEMPORAIRES', 'TITRE V : DISPOSITIONS GENERALES', 'TITRE I - REGION DE DAKAR', 'TITRE II - REGION DE DIOURBEL', 'TITRE III - REGION DE FATICK', 'TITRE IV : REGION DE KAOLACK', 'TITRE V - REGION KOLDA', 'TITRE VI- REGION DE LOUGA', 'TITRE VII - REGION DE MATAM', 'TITRE VIII : REGION DE SAINT LOUIS', 'TITRE IX - REGION DE TAMBACOUNDA', 'TITRE X - REGION DE THIES', 'TITRE XI - REGION DE ZIGUINCHOR', 'TITRE PREMIER : CATEGORISATION DES LOCAUX', 'TITRE II : BAREME DU PRIX DU METRE CARRE']"
division_sous_titre,"['', 'SOUS_TITRE I. - DISPOSITIONS GENERALES ET ADMINISTRATIVES', 'SOUS_TITRE II. - DISPOSITIONS TECHNIQUES', 'SOUS TITRE III. _ AUTORISATION DE CONSTRUIRE A TITRE TEMPORAIRE, AUTORISATION DE DEMOLIR, CERTIFICAT DE DEMOLITION', 'SOUS_TITRE IV. - PRESCRIPTIONS SPECIALES IMPOSEES AUX ETABLISSEMENTS RECEVANT DU PUBLIC, AUX IMMEUBLES DE GRANDE HAUTEUR, AUX ETABLISSEMENTS A CARACTERE INDUSTRIEL ET AUX ETABLISSEMENTS CLASSES']"
division_chapitre,"['', 'CHAPITRE 2 : COMPETENCES DE LA COMMUNAUTE RURALE', 'CHAPITRE PREMIER. - OBJECTIFS ET PRIORITÉS DE LA POLITIQUE DE DÉVELOPPEMENT AGRO-SYLVO-PASTORAL', 'CHAPITRE II. - AXES STRATÉGIQUES DE LA POLITIQUE DE DÉVELOPPEMENT AGRO-SYLVO-PASTORAL', 'CHAPITRE III. - STATUT JURIDIQUE DES MÉTIERS DE L’AGRICULTURE', 'CHAPITRE IV. PROTECTION SOCIALE DES PERSONNES EXERÇANT LES MÉTIERS DE L’AGRICULTURE', 'CHAPITRE V. - STATUT JURIDIQUE DES EXPLOITATIONS AGRICOLES', 'CHAPITRE VI. - RÉFORME FONCIÈRE', 'CHAPITRE VII. - DIVERSIFICATION, FILIÈRES ET RÉGULATION DES MARCHÉS', 'CHAPITRE VIII. - SYLVICULTURE ET AMÉNAGEMENTS FORESTIERS', 'CHAPITRE IX. - POLITIQUE DE DÉVELOPPENT DE L’ÉLEVAGE', 'CHAPITRE X. - MAÎTRISE DE L’EAU', 'CHAPITRE XI. - DÉVELEPPEMENT DES INFRASTRUCTURES ET DES SERVICES PUBLICS EN MILIEU RURAL', 'CHAPITRE XII. - PROMOTION DE L’ÉQUITÉ SOCIALE EN MILIEU RURAL', 'CHAPITRE XIII. - PROTECTION CONTRE LES CALAMITÉS NATURELLES ET LES RISQUES LIÉS AU ACTIVITÉS AGRO-SYLVO-PASTORALES', 'CHAPITRE XIV. - INFORMATION AGRICOLE, ÉDUCATION ET FORMATION AUX MÉTIERS AGRICOLES ET RURAUX', 'CHAPITRE XV. - RENFORCEMENT DES CAPACITÉS DES PAYSANS ET DES ORGANISATIONS PROFESSIONNELLES, DES ORGANISATIONS DE LA SOCIÉTÉ CIVILE, DES COLLECTIVITÉS LOCALES ET DES SERVICES DE L’EAT', 'CHAPITRE VII. - RECHERCHE ET CONSEIL AGRO-SYLVO-PASTORAL', 'CHAPITRE XVII. - FINANCEMENT DU DÉVELOPPEMENT AGRO- SYLVO-PASTORAL', 'CHAPITRE XVIII. - DISPOSITION DIVERSES', 'CHAPITRE XIX. - DISPOSITIONS FINALES', 'CHAPITRE PREMIER : GESTION ET UTILISATION DU DOMAINE PRIVE DE L’ETAT, DU DOMAINE PUBLIC ET DU DOMAINE NATIONAL', 'CHAPITRE IX : De l’urbanisme et de l’habitat', 'CHAPITRE I. - DES CONSEILS ET COMMISSIONS', 'CHAPITRE I. - CONDITIONS D’ETABLISSEMENT DES PLANS DIRECTEURS D’URBANISME, DES SCHEMAS DIRECTEURS D’AMENAGEMENT ET D’URBANISME ET DES PLANS D’URBANISME DE DETAILS ET DES PLANS DE LOTISSEMENT', 'CHAPITRE II. - CONTENU ET INSTRUCTION DES PROJETS DE PLANS DIRECTEURS D’URBANISME (PDU)', 'CHAPITRE III. - CONTENU, INSTRUCTION ET APPROBATION DES PROJETS DE SCHEMAS DIRECTEURS D’AMENAGEMENT ET D’URBANISME (SDAU)', 'CHAPITRE IV. - CONTENU ET INSTRUCTION DES PLANS D’URBANISME DE DETAILS (P.U.D)', 'CHAPITRE V. - MESURES DE SAUVEGARDE', 'CHAPITRE IV. - MESURES D’EXECUTION DES PLANS D’URBANISME', 'CHAPITRE VII. - REVISION DES PLANS D’URBANISME', 'CHAPITRE I. - DES NORMES DE DENSITE', 'CHAPITRE II. - RENOVATION ET RESTRUCTURATION', 'CHAPITRE III. - SECTEURS SAUVEGARDES ET RESTAURATION IMMOBILIERE', 'CHAPITRE IV. - REMEMBREMENT URBAIN', 'CHAPITRE V. - ZONES D’AMENAGEMENT CONCERTE (Z.A.C)', 'CHAPITRE VI. - LOTISSEMENT', 'CHAPITRE VII. ESPACES VERTS URBAINS', 'CHAPITRE PREMIER. - DISPOSITIONS GENERALES', 'CHAPITRE II. - DE LA DEMANDE D’AUTORISATION DE CONSTRUIRE ET DE SON INSTRUCTION', 'CHAPITRE III. - DE LA DECISION PRISE SUR LA DEMANDE D’AUTORISATION DE CONSTRUIRE ET DE SES CONSEQUENCES', 'CHAPITRE IV. - EXEMPTIONS', 'CHAPITRE V. - DISPOSITIONS RELATIVES A L’EMPLACEMENT, LA DESSERTE DES TERRAINS ET A L’ASPECT DES CONSTRUCTIONS', 'CHAPITRE VI. - REGLES RELATIVES A LA CONSTRUCTION', 'CHAPITRE VII. - REGLES SANITAIRES', 'CHAPITRE PREMIER. - ETABLISSEMENTS RECEVANT DU PUBLIC', 'CHAPITRE II. - LES IMMEUBLES DE GRANDE HAUTEUR (I.G.H.)', 'CHAPITRE III. - ETABLISSEMENTS A CARACTERE INDUSTRIEL', 'CHAPITRE IV. - ETABLISSEMENTS CLASSES', 'CHAPITRE I. - CONSTRUCTIONS ET OCCUPATIONS IRREGULIERES DU SOL', 'CHAPITRE II. - ENCOMBREMENTS DE LA VOIE ET DES ESPACES PUBLICS', 'Chapitre premier. - Dispositions relatives à l’urbanisme', 'Chapitre 2. - Dispositions relatives aux normes de densité', 'Chapitre 3. - Dispositions financières', 'Chapitre premier. - Plans d’urbanisme', 'CHAPITRE PREMIER. - RENOVATION URBAINE', 'CHAPITRE 2. - RESTRUCTURATION', 'CHAPITRE 3. - LE REMEMBREMENT', 'CHAPITRE 4. - ZONES D’AMENAGEMENT CONCERTE', 'CHAPITRE 5. - LOTISSEMENT', 'CHAPITRE PREMIER. - ETABLISSEMENTS PUBLICS ET AUTRES ORGANISMES AMENAGEURS.', 'CHAPITRE 2. - LES ASSOCIATIONS D’AMENAGEMENT ET D’AMELIORATION DU CADRE DE VIE.', 'CHAPITRE 3. - LES SOCIETES COOPERATIVES DE CONSTRUCTION ET D’HABITAT.', 'CHAPITRE PREMIER. - LE CERTIFICAT D’URBANISME.', 'CHAPITRE 2. - L’AUTORISATION DE CONSTRUIRE.', 'CHAPITRE PREMIER. - CONTROLE, CONSTITUTION DE PARTIE CIVILE', 'CHAPITRE 2. - SANCTIONS', 'CHAPITRE PREMIER : RÈGLES GÉNÉRALES', 'CHAPITRE II : REGLES SPÉCIALES', 'CHAPITRE PREMIER : PROTECTION CONTRE L’INCENDIE ET CLASSIFICATION DES MATÉRIAUX', 'CHAPITRE II : DISPOSITIONS DE SÉCURITÉ RELATIVES AUX IMMEUBLES DE GRANDE HAUTEUR', 'CHAPITRE III : PROTECTION CONTRE LES RISQUES D’INCENDIE ET DE PANIQUE DANS LES IMMEUBLES RECEVANT DU PUBLIC', 'CHAPITRE IV : SÉCURITÉ DE CERTAINS ÉQUIPEMENTS D’IMMEUBLES PAR DESTINATION', 'CHAPITRE UNIQUE : RAVALEMENT DES IMMEUBLES', 'CHAPITRE PREMIER : SOCIÉTÉS CIVILES CONSTITUÉES EN VUE DE LA VENTE D’IMMEUBLES', 'CHAPITRE II : SOCIÉTÉS CONSTITUÉES EN VUE DE L’ATTRIBUTION D’IMMEUBLES AUX ASSOCIÉS PAR FRACTIONS DIVISES', 'CHAPITRE III : COOPÉRATIVES D’HABITAT ET DE CONSTRUCTION', 'CHAPITRE IV : DISPOSITIONS PARTICULIÈRES COMMUNES AUX SOCIÉTÉS CONSTITUÉES EN VUE DE L’ATTRIBUTION D’IMMEUBLES AUX ASSOCIÉS PAR FRACTIONS DIVISES ET AUX COOPÉRATIVES D’HABITAT ET DE CONSTRUCTION', 'CHAPITRE PREMIER : DISPOSITIONS GÉNÉRALES', 'CHAPITRE II : DISPOSITIONS PARTICULIÈRES AU CONTRAT DE PROMOTION IMMOBILIÈRE POUR LA CONSTRUCTION D’IMMEUBLES À USAGE D’HABITATION OU À USAGE PROFESSIONNEL ET D’HABITATION', 'CHAPITRE PREMIER : DU BAIL À CONSTRUCTION', 'CHAPITRE II : DU BAIL À RÉHABILITATION', 'CHAPITRE UNIQUE: DISPOSITIONS RELATIVES AU DÉLAI DE', 'CHAPITRE 1 : REGLES GENERALES APPLICABLES A TOUTES CATEGORIES DE BATIMENTS', 'CHAPITRE 2 : DISPOSITIONS RELATIVES AUX CONTROLES DES BATIMENTS MENAÇANT RUINE', 'CHAPITRE I : PROTECTION CONTRE L’INCENDIE - CLASSIFICATION DES MATÉRIAUX', 'CHAPITRE II : DISPOSITIONS APPLICABLES À LA CONSTRUCTION D’IMMEUBLES À USAGE D’HABITATION OU À USAGE PROFESSIONNEL ET D’HABITATION', 'CHAPITRE UNIQUE : CONTRAT DE CONSTRUCTION D’UNE MAISON INDIVIDUELLE', 'CHAPITRE PREMIER : DISPOSITIONS RELATIVES AUX CONTROLES DES BATIMENTS MENAÇANT RUINE', 'CHAPITRE 2 : L’EXERCICE DE SYNDIC DE COPROPRIETE PROFESSIONNEL', 'CHAPITRE PREMIER. - CONTROLE DES OPERATIONS DOMANIALES', 'CHAPITRE 2. - EXECUTION DU DROIT DE PREEMPTION', 'CHAPITRE 3. – SOMMES ET VALEURS ATTEINTES PAR LA PRESCRIPTION', 'CHAPITRE 4. – TABLEAU DES PROPRIETES IMMOBILIERES DE l’ETAT', 'CHAPITRE 5. – AFFECTATION ET DESAFFECTATION DES IMMEUBLES', 'CHAPITRE 6. – PASSATION DES ACTES, DELIVRANCE DES AUTORISATIONS D’OCCUPER', 'CHAPITRE 7. – INDEMNITE DUE A L’EMPHYTEOTE', 'CHAPITRE 8. – ADJUDICATION DES IMMEUBLES, VENTE DU MOBILIER', 'CHAPITRE 9. – CONSTAT DE MISE EN VALEUR', 'CHAPITRE 10. – MESURES TRANSITOIRES', 'CHAPITRE 11. – DISPOSITIONS DIVERSES', 'CHAPITRE PREMIER : DOMAINE IMMOBILIER', 'CHAPITRE II : DOMAINE MOBILIER', 'CHAPITRE II : LE COMITE RURAL', 'CHAPITRE III : LE PRESIDENT DU COMITE RURAL', 'CHAPITRE IV : AFFECTATION, TRANSFERT D’AFFECTATION ET DESAFFECTATION DES TERRES', 'CHAPITRE III : LES CONTRATS RELATIFS AUX DROITS REELS PORTANT SUR LES IMMEUBLES IMMATRICULES', 'CHAPITRE PREMIER. – ORGANISATION DU REGIME FONCIER', 'CHAPITRE II. – DROITS REELS ET PRESCRIPTION', 'CHAPITRE PREMIER. – IMMATRICULATION DES IMMEUBLES', 'CHAPITRE II. – PUBLICATION DES DROITS REELS.', 'CHAPITRE III. – CONSULTATION DES LIVRES FONCIERS ET COMMUNICATION DE RENSEIGNEMENTS', 'CHAPITRE PREMIER. – RESPONSABILITE DU CONSERVATEUR.', 'CHAPITRE PREMIER. - CHAMP D’APPLICATION', 'CHAPITRE 2. - PROCEDURE DE TRANSFORMATION', 'CHAPITRE 3. - RAPPEL DES DROITS ELUDES', 'CHAPITRE PREMIER. – DEFINITION ET ORGANISATION DE LA COPROPRIETE', 'CHAPITRE II. – ADMINISTRATION DE LA COPROPRIETE', 'CHAPITRE III. – AMELIORATION, ADDITIONS DE LOCAUX PRIVATIFS ET EXERCICE DU DROIT DE SURELEVATION', 'CHAPITRE IV. – DISPOSITIONS D’ORDRE GENERAL', 'CHAPITRE PREMIER. - CONDITIONS DE MISE EN VALEUR APPLICABLES DANS LES ZONES URBAINES', 'CHAPITRE II. - CONDITIONS DE MISE EN VALEUR APPLICABLES DANS LES ZONES AUTRES QUE LES ZONES URBAINES', 'CHAPITRE III. - CONSTAT DE MISE EN VALEUR', 'CHAPITRE IV. - DEMANDE DE CONSTAT DE MISE EN VALEUR - DECISION DE L’AUTORITE ADMINISTRATIVE', 'CHAPITRE PREMIER : DISPOSITIONS GENERALES', 'CHAPITRE PREMIER. – Définitions', 'CHAPITRE II. - Organisation et exploitation des pâturages', 'CHAPITRE III. - Exploitation et organisation des points d’eaux pastoraux', 'CHAPITRE IV. - Commissions de conservation des pâturages', 'CHAPITRE V. - Infractions et pénalités', 'CHAPITRE II : LE CONSEIL RURAL', 'CHAPITRE III : LE PRESIDENT DU CONSEIL RURAL', 'CHAPITRE IV : AFFECTATION – TRANSPORT D’AFFECTATION – DESAFFECTATION DES TERRES', 'CHAPITRE V : DOSSIER FONCIER', 'CHAPITRE VI : LES CONSEILS DE GROUPEMENT RURAUX', 'CHAPITRE PREMIER : TERRAINS AFFECTES CONFORMEMENT AUX DISPOSITIONS DES ARTICLES 8 ET 11 DE LA LOI RELATIVE AU DOMAINE NATIONAL', 'CHAPITRE II : TERRAINS SITUES DANS LES ZONES URBAINES', 'CHAPITRE III : TERRAINS SITUES DANS D’AUTRES ZONES', 'CHAPITRE PREMIER. - DE L’AMENAGEMENT DES FORETS', 'CHAPITRE II. - DE L’EXPLOITATION FORESTIERE', 'CHAPITRE PREMIER. - DU CLASSEMENT ET DU DECLASSEMENT DES FORETS', 'CHAPITRE II. - DES DEFRICHEMENTS', 'CHAPITRE III. - DES FEUX DE BROUSSE', 'CHAPITRE IV. - DU PATURAGE EN FORET', 'CHAPITRE V. - DES ESPECES FORESTIERES PROTEGEES', ""CHAPITRE PREMIER - DES DROITS D'EXPLOITATION"", ""CHAPITRE II - DES DROITS D'USAGE"", 'CHAPITRE PREMIER. - DES PROCEDURES', 'CHAPITRE II. - DES INFRACTIONS ET PENALITES', 'CHAPITRE PREMIER. - DU ROLE DES AGENTS DES EAUX ET FORETS', 'CHAPITRE II. - DE LA PROTECTION ET DES OBLIGATIONS DES AGENTS DES EAUX ET FORETS', 'CHAPITRE III - DU POUVOIR DES AGENTS DES EAUX ET FORETS, DES AGENTS COMMISSIONNES DES EAUX ET FORETS ET DES OFFICIERS DE POLICE JUDICIAIRE', 'CHAPITRE PREMIER : DECLARATION D’UTILITE PUBLIQUE', 'CHAPITRE II : DESIGNATION DES BIENS ET DROITS EXPROPRIES TENTATIVE DE CESSION AMIABLE', 'CHAPITRES III : ORDONNANCE D’EXPROPRIATION – FIXATION DES INDEMNITES', 'CHAPITRE IV : PROCEDURE D’URGENCE', 'CHAPITRE V : DISPOSITION DIVERSES']"
division_section,"['', 'Section première : DISPOSITIONS GENERALES', 'Section II : DU DOMAINE PRIVE DE L’ETAT', 'Section III : DU DOMAINE PUBLIC', 'Section IV : DU DOMAINE NATIONAL', 'Section première : Compétences de la région', 'Section II : Compétences de la commune', 'Section III : Compétences de la communauté rurale', 'SECTION I. - DU CONSEIL NATIONAL DE L’URBANISME, DE L’HABITAT ET DU CADRE DE VIE', 'SECTION II. - DES COMMISSIONS D’URBANISME, D’HABITAT ET DE CADRE DE VIE', 'SECTION III. - DES COMITES REGIONAUX DE L’URBANISME, D’HABITAT ET DE CADRE DE VIE', 'SECTION IV. - COMITE DEPARTEMENTAL D’URBANISME, D’HABITAT ET DU CADRE DE VIE', 'SECTION V. - COMMISSIONS DE SECURITE', 'SECTION VI. - ORGANES DE SURVEILLANCE ET DE CONTROLE DES CONSTRUCTIONS ET OCCUPATIONS IRREGULIERES', 'SECTION I. - CONTENU', 'SECTION II. - INSTRUCTION DES PROJETS DE PLANS DIRECTEURS D’URBANISME (P.D.U)', 'SECTION I. - CONTENU DES SCHEMAS DIRECTEURS D’AMENAGEMENT ET D’URBANISME', 'SECTION II. - INSTRUCTION DES SCHEMAS DIRECTEURS D’AMENAGEMENT ET D’URBANISME (S.D.A.U)', 'SECTION III. - APPROBATION', 'SECTION II. - INSTRUCTION DES PROJETS DE PLAN D’URBANISME DE DETAILS (P.U.D)', 'SECTION I. - RENOVATION URBAINE', 'SECTION II. - LA RESTRUCTURATION ET LA REGULARISATION FONCIERE', 'SECTION I. - SECTION SAUVEGARDES', 'SECTION II. - LA RESTAURATION IMMOBILIERE', 'SECTION I. - DISPOSITIONS GENERALES', 'SECTION II. - INSTRUCTION DES DEMANDES D’AUTORISATION DE LOTIR', 'SECTION III. - DE L’OCTROI DE L’AUTORISATION DE LOTIR ET DE SES CONSEQUENCES', 'SECTION II. - UTILISATION DES ESPACES VERTS URBAINS', 'SECTION I. - REGLES CONCERNANT L’EMPLACEMENT DES TERRAINS', 'SECTION II. - REGLES CONCERNANT L’ASPECT DES ONSTRUCTIONS', 'SECTION II. - CLASSEMENT DES ETABLISSEMENTS SOUMIS A LA REGLEMENTATION', 'SECTION III. - CONDITIONS D’APPLICATION', 'SECTION IV. - DELIVRANCE DE L’AUTORISATION DE CONSTRUIRE', 'SECTION V. - MESURE D’EXECUTION', 'SECTION VI. - DISPOSITIONS DIVERSES', 'SECTION I. - DEFINITION ET CLASSIFICATION', 'SECTION II. - EMPLACEMENT, CONDITIONS D’UTILISATION, PRINCIPES DE SECURITE', 'SECTION III. - PERMIS DE CONSTRUIRE', 'SECTION IV. - OBLIGATIONS RELATIVES A L’OCCUPATION', 'SECTION V. - MESURES DE CONTROLE', 'Section I. - Les schémas directeurs d’aménagement et d’urbanisme', 'Section II. - Les plans directeurs d’urbanisme', 'Section III. - Les plans d’urbanisme de détails', 'SECTION IV. - LES PLANS DE LOTISSEMENT', 'SECTION 1. - DISPOSITIONS PARTICULIERES RELATIVES AUX ROUTES NATIONALES ET DEPARTEMENTALES', 'SECTION II. - DISPOSITIONS PARTICULIERES RELATIVES AUX ESPACES VERTS URBAINS', 'SECTION 1. - DISPOSITIONS GENERALES', 'SECTION 2. - SANCTIONS RELATIVES A LA REGLEMENTATION DES ESPACES VERTS', 'SECTION 3. - SANCTIONS RELATIVES AUX CONSTRUCTIONS MENAÇANT RUINE', 'SECTION 4. - SANCTIONS RELATIVES AUX LOTISSEMENTS', 'Section 5. - Sanction relative à l’autorisation de construire', 'SECTION PREMIERE : DISPOSITIONS APPLICABLES À TOUS BÂTIMENTS.', 'SECTION II : DISPOSITIONS GÉNÉRALES D’HYGIÈNES APPLICABLES AUX BÂTIMENTS', 'SECTION III : DISPOSITIONS POUR LES PERSONNES HANDICAPÉES', 'SECTION IV : CARACTÉRISTIQUES ÉNERGÉTIQUES', 'SECTION V : CARACTÉRISTIQUES ACOUSTIQUES', 'SECTION VI : RESPONSABILITÉ DES CONSTRUCTEURS D’OUVRAGE L’ASSISTANCE ARCHITECTURALE', 'SECTION VII : CONTRÔLE TECHNIQUE', 'SECTION VIII : ASSURANCE DES TRAVAUX DE BÂTIMENT', 'SECTION IX : DISPOSITIONS COMMUNES', 'SECTION I : CONSTRUCTIONS EN BORDURE DE VOIE', 'SECTION II : SONDAGES ET TRAVAUX SOUTERRAINS', 'SECTION III : SERVITUDES DE MITOYENNETÉ', 'SECTION IV : SERVITUDES DE VUE', 'SECTION V : ANTENNES RÉ-ÉMETTRICES', 'SECTION VI : NUISANCES DUES À CERTAINES ACTIVITÉS', 'SECTION UNIQUE : SÉCURITÉ DES ASCENSEURS', 'SECTION I : DISPOSITIONS GÉNÉRALES', 'SECTION II : DISPOSITIONS PARTICULIÈRES AUX SOCIÉTÉS AYANT POUR OBJET LA CONSTRUCTION D’IMMEUBLES À USAGE D’HABITATION OU À USAGE PROFESSIONNEL ET D’HABITATION', 'SECTION UNIQUE : SOCIÉTÉS DE CONSTRUCTION ET COOPÉRATIVE D’HABITAT ET DE CONSTRUCTION POURSUIVANT PLUSIEURS PROGRAMMES', 'SECTION PREMIÈRE : DISPOSITIONS GÉNÉRALES APPLICABLES À TOUS BÂTIMENTS', 'SECTION II : DISPOSITIONS GÉNÉRALES APPLICABLES AUX BÂTIMENTS D’HABITATION', 'SECTION III : DISPOSITIF POUR PERSONNES HANDICAPÉES', 'SECTION VI : RESPONSABILITÉ DES CONSTRUCTEURS D’OUVRAGE ET L’ASSISTANCE ARCHITECTURALE', 'SECTION PREMIÈRE : APPLICATION DES RÈGLES DE SÉCURITÉ', 'SECTION II : CLASSEMENT DES ÉTABLISSEMENTS', 'SECTION III : AUTORISATION DE CONSTRUIRE, D’AMÉNAGER OU DE MODIFIER UN ÉTABLISSEMENT RECEVANT DU PUBLIC', 'SECTION PREMIÈRE : COORDINATION DES PROGRAMMES D’ÉQUIPEMENT', 'SECTION PREMIERE : DISPOSITIONS GENERALES', 'SECTION II : DISPOSITIONS PROPRES AUX SOCIÉTÉS AYANT POUR OBJET LA CONSTRUCTION D’IMMEUBLES À USAGE D’HABITATION OU À USAGE PROFESSIONNEL ET D’HABITATION', 'SECTION PREMIÈRE : FORME ET OBJET DU CONTRAT DE PROMOTION IMMOBILIÈRE ET DU CONTRAT PARTICULIER RELATIF AUX ÉTUDES PRÉLIMINAIRES', 'SECTION II : PRIX DU CONTRAT', 'SECTION III : GARANTIES D’EXÉCUTION DU CONTRAT', 'SECTION PREMIÈRE : DISPOSITIONS GÉNÉRALES', 'SECTION II : RÉCEPTION ET GARANTIE DES OUVRAGES DE BÂTIMENTS À USAGE D’HABITATION', 'SECTION III : DISPOSITIONS PARTICULIÈRES À LA CONCLUSION DU CONTRAT DE VENTES D’IMMEUBLES À CONSTRUIRE POUR L’USAGE D’HABITATION OU POUR L’USAGE PROFESSIONNEL ET D’HABITATION', 'SECTION IV : GARANTIES D’ACHÈVEMENT ET DE REMBOURSEMENT', 'SECTION V : CONTRAT PRÉLIMINAIRE', 'SECTION PREMIÈRE : DISPOSITIONS GENERALES', 'SECTION II : IMMEUBLES DE GRANDE HAUTEUR', 'SECTION III : IMMEUBLES RECEVANT DU PUBLIC', 'SECTION I : TERRAINS A METTRE EN VALEUR', 'SECTION II : TERRAINS MIS EN VALEUR', 'SECTION III : DISPOSITIONS COMMUNES', 'SECTION PREMIERE : REGLES GENERALES', 'SECTION II : REGLES PROPRES A CERTAINS CONTRATS PORTANT SUR DES IMMEUBLES IMMATRICULES', 'SECTION 1ERE. – DU BUT DE L’INSTITUTION', 'SECTION 2. - DES BUREAUX DE LA CONSERVATION.', 'SECTION 3. – DES CONSERVATIONS', 'SECTION 4. – DES LIVRES FONCIERS ET DES DOCUMENTS ANNEXES', 'SECTION PREMIERE. – DES DROITS REELS', 'SECTION 2. - DE LA PRESCRIPTION', 'SECTION PREMIERE. – DE LA PROCEDURE D’IMMATRICULATION', 'SECTION 2. – DE LA FORMALITE DE L’IMMATRICULATION.', 'SECTION PREMIERE. – DE LA FORMULE DE L’INSCRIPTION.', 'SECTION 2. – DE LA REUNION ET DE LA DIVISION DES TITRES FONCIERS.', 'SECTION 1. - ACTES CONCOURANT A L’ETABLISSEMENT ET A L’ORGANISATION DE LA COPROPRIETE DES IMMEUBLES BATIS', 'SECTION 2. - LES ASSEMBLEES GENERALES DE COPROPRIETAIRES', 'SECTION 3. - LE CONSEIL SYNDICAL', 'SECTION 4. - LE SYNDIC', 'SECTION 5. - DISPOSITIONS PARTICULIERES AUX SYNDICATS COOPERATIFS', 'SECTION 6. - LES UNIONS DE SYNDICATS DE COPROPRIETAIRES', 'SECTION 7. – PROCEDURE', 'SECTION 8. - RECONSTRUCTION', 'SECTION 9. - DISPOSITIONS DIVERSES', 'Section première. - Terrains à bâtir', 'Section 2. - Terrains à vocation agricole', 'Section Première. - Commission régionale de conservation des pâturages', 'Section II. - Commission départementale de conservation des pâturages', 'Section III. - Conseil d’Arrondissement pour la conservation des pâturages', 'Section I. - Infractions', 'Section II. - Pénalités', 'SECTION PREMIERE. - DES PRINCIPES DE L’EXPLOITATION FORESTIERE', 'SECTION 2. - DES COUPES', 'SECTION 3. - DES CONTRATS DE CULTURE', 'SECTION 4. - DU FONDS FORESTIER NATIONAL', 'SECTION PREMIERE. - DE LA RECHERCHE ET DE LA CONSTATATION DES INFRACTIONS', 'SECTION 2. - DES ACTIONS ET POURSUITES', 'SECTION 3. - DES TRANSACTIONS', 'SECTION 4. - DES SAISIES ET CONFISCATIONS', 'SECTION PREMIERE. - DES COUPES ET EXPLOITATIONS IRREGULIERES', 'SECTION 2. - DES MARTEAUX FORESTIERS ET DES MARQUES', ""SECTION 3. - DE LA CULTURE, DES DEFRICHEMENTS ET DE L'ALTERATION DU DOMAINE FORESTIER"", 'SECTION 4. - DES FEUX DE BROUSSE', 'SECTION 5: DU PATURAGE EN FORET', ""SECTION 6. - DE L'OBSTACLE A L'ACCOMPLISSEMENT DES DEVOIRS D'UN AGENT"", 'SECTION 7. - DE LA RECIDIVE']"
division_sous_section,"['', 'SOUS_SECTION I. - COMMISSION SUPERIEURE DES MONUMENTS HISTORIQUES', 'SOUS_SECTION II. - COMMISSION SUPERIEURE DE PROTECTION CIVILE', 'SOUS_SECTION III. - COMMISSION REGIONALE DE PROTECTION CIVILE', 'SOUS_SECTION IV. - COMMISSION TECHNIQUE NTERMINISTERIELLE DES IMMEUBLES DE GRANDE HAUTEUR', 'SOUS_SECTION I. - CONSULTATION DES COLLECTIVITES INTERESSEES', 'SOUS_SECTION II. - ENQUETE PUBLIQUE SUR LES PROJETS DE PLANS DIRECTEURS D’URBANISME', 'SOUS_SECTION III. - APPROBATION DES PROJETS DE PLANS DIRECTEURS D’URBANISME', 'SOUS_SECTION I. - DISPOSITIONS GENERALES', 'SOUS_SECTION III. - PRESCRIPTIONS APPLICABLES AUX LOTISSEMENTS A CARACTERE DEFINITIF', 'SOUS_SECTION IV. - PRESCRIPTIONS APPLICABLES AUX LOTISSEMENTS A CARACTERE EVOLUTIF', 'SOUS_SECTION V. - PRESCRIPTIONS APPLICABLES A LA RESTRUCTURATION', 'SOUS_SECTION I. - GENERALITES', 'SOUS_SECTION II. - CONTROLE DES ETABLISSEMENTS', 'SOUS SECTION 1 – RESPONSABILITÉ DES CONSTRUCTIONS D’OUVRAGE', 'SOUS_SECTION 2 : - L’ASSISTANCE ARCHITECTURALE', 'SOUS_SECTION I : ASSURANCE DE RESPONSABILITÉ OBLIGATOIRE', 'SOUS_SECTION II : ASSURANCE OBLIGATOIRE TOUS RISQUES ET ASSURANCES DECENNALES', 'SOUS_SECTION III : DISPOSITIONS COMMUNES AUX ASSURANCES DE BÂTIMENT', 'SOUS_SECTION 1 : DISPOSITIONS APPLICABLES AUX BÂTIMENTS D’HABITATION COLLECTIFS NEUFS', 'SOUS_SECTION 2 : DISPOSITIONS APPLICABLES LORS DE LA CONSTRUCTION, DE LA CRÉATION OU DE LA MODIFICATION D’ÉTABLISSEMENTS RECEVANT DU PUBLIC OU D’INSTALLATIONS OUVERTES AU PUBLIC', 'SOUS_SECTION 3 : AUTORISATION DE TRAVAUX PRÉVUE À L’ARTICLE L7', 'SOUS_SECTION 4 : AUTORISATION D’OUVERTURE D’UN ETABLISSEMENT RECEVANT DU PUBLIC PRÉVUE À L’ARTICLE L.8', 'SOUS SECTION1 : RESPONSABILITÉ DES CONSTRUCTEURS D’OUVRAGE', 'SOUS SECTION2 : L’ASSISTANCE ARCHITECTURALE', 'SOUS_SECTION 1 : AGRÉMENT DES CONTRÔLEURS TECHNIQUES', 'SOUS_SECTION II : CONTRÔLE TECHNIQUE OBLIGATOIRE']"
section_application,"['', 'réglementaire', 'législative']"
loyer,"['non', 'oui']"
localite,"['', 'DAKAR-PLATEAU (COMMUNE)', 'MEDINA (COMMUNE)', 'FANN (COMMUNE)', 'POINT E (COMMUNE)', 'MERMOZ, SACRE-CŒUR ET PYROTECHNIE (COMMUNE)', 'OUAKAM (COMMUNE)', 'LES ILES DE GOREE ET DE NGOR (COMMUNE)', 'NGOR (COMMUNE)', 'YOFF (COMMUNE)', 'GRAND – YOFF (COMMUNE)', 'PATTE-D’OIE (COMMUNE)', 'HLM GRAND MEDINE, PARCELLES ASSAINIES ET CAMBERENE (COMMUNE)', 'GRAND – DAKAR (COMMUNE)', 'LOTISSEMENTS SICAP ET DERKLE (COMMUNE)', 'ZONES INDUSTRIELLE ET PORTUAIRE (COMMUNE)', 'HLM, CITE DES EAUX ET SODIDA (COMMUNE)', 'HANN (COMMUNE)', 'COMMUNE DE LA VILLE DE PIKINE', 'COMMUNE DE LA VILLE DE GUEDIAWAYE', 'COMMUNE DE RUFISQUE', 'COMMUNE DE LA VILLE DE BARGNY', 'AUTRES TERRAINS DE LA REGION DE DAKAR', 'COMMUNE DE DIOURBEL', 'COMMUNE DE BAMBEY', 'COMMUNE DE MBACKE', 'AUTRES TERRAINS', 'COMMUNE DE FATICK', 'COMMUNE DE FOUNDIOUGNE', 'COMMUNE DE GOSSAS', 'COMMUNE DE GUINGUINEO', 'COMMUNE DE SOKONE', 'COMMUNE DE DIOFFIOR', 'AUTRES LOCALITES', 'COMMUNE DE KAOLACK', 'COMMUNE DE KAFFRINE', 'COMMUNE DE NIORO-DU-RIP', 'COMMUNE DE KOUNGHEUL', 'AUTRES TERRAINS DE LA REGION', 'COMMUNE DE KOLDA', 'COMMUNE DE SEDHIOU', 'COMMUNE DE VELINGARA', 'COMMUNE DE MARSASSOUM', 'COMMUNE DE GOUDOMP', 'COMMUNE DE LOUGA', 'COMMUNE DE LINGUERE', 'COMMUNE DE DAHRA', 'COMMUNE DE KEBEMER', 'TERRAINS SITUES A L’INTERIEUR DU PERIMETRE DES AUTRES LOCALITES DE LA REGION', 'TERRAINS RURAUX', 'COMMUNE DE MATAM', 'COMMUNE DE OUROSSOGUI', 'COMMUNE DE SAINT LOUIS', 'COMMUNE DE DAGANA', 'COMMUNE DE RICHARD-TOLL', 'COMMUNE DE PODOR', 'COMMUNE DE NDIOUM', 'COMMUNE DE ROSS- BETHIO ET DE ROSSO', 'COMMUNE DE TAMBACOUNDA', 'COMMUNE DE BAKEL', 'COMMUNE DE KEDOUGOU', 'COMMUNE DE THIES', 'COMMUNE DE MBOUR', 'COMMUNE DE TIVAOUANE', 'COMMUNE DE MEKHE', 'COMMUNE DE KHOMBOLE', 'COMMUNE DE POUT', 'COMMUNE DE MBORO', 'TERRAINS SITUES A L’INTERIEUR DUPERIMETRE DES AUTRES LOCALITES DE LA REGION', 'COMMUNE DE ZIGUINCHOR', 'COMMUNE DE BIGNONA', 'COMMUNE D’OUSSOUYE', 'COMMUNE DE THIONK-ESSYL']"
categorie,"['', 'A', 'B', 'C', 'D', 'E', 'F', 'G', 'H', 'I', 'J', 'K', 'L', 'M', '1', '2', '3', '4', '5']"
type_habitation,"['', 'Immeubles Collectifs', 'Maisons Individuelles', 'Cours Aménagées']"
